Total Votes:,3521001
"{'Correy': 704200, 'Khan': 2218230, 'Li': 492940, ""O'Tooley"": 105630}"
"{'Correy': 0.19999994319797126, 'Khan': 0.6299998210736094, 'Li': 0.13999996023857988, ""O'Tooley"": 0.02999999147969569}"
Greatest Increase in Profits,Khan
